Netherlands;All;Drenthe;Aa en Hunze
Netherlands;All;Drenthe;Assen
Netherlands;All;Drenthe;Borger-Odoorn
Netherlands;All;Drenthe;Coevorden
Netherlands;All;Drenthe;De Wolden
Netherlands;All;Drenthe;Emmen
Netherlands;All;Drenthe;Hoogeveen
Netherlands;All;Drenthe;Meppel
Netherlands;All;Drenthe;Midden-Drenthe
Netherlands;All;Drenthe;Noordenveld
Netherlands;All;Drenthe;Tynaarlo
Netherlands;All;Drenthe;Westerveld
Netherlands;All;Flevoland;Almere
Netherlands;All;Flevoland;Dronten
Netherlands;All;Flevoland;Lelystad
Netherlands;All;Flevoland;Noordoostpolder
Netherlands;All;Flevoland;Urk
Netherlands;All;Flevoland;Zeewolde
Netherlands;All;Friesland (Fryslân);Achtkarspelen
Netherlands;All;Friesland (Fryslân);Ameland
Netherlands;All;Friesland (Fryslân);Dantumadiel (Dantumadeel)
Netherlands;All;Friesland (Fryslân);De Fryske Marren (Skarsterlân, Lemsterland, Gaasterlân-Sleat)
Netherlands;All;Friesland (Fryslân);Dongeradeel
Netherlands;All;Friesland (Fryslân);Ferwerderadiel (Ferwerderadeel)
Netherlands;All;Friesland (Fryslân);Franekeradeel
Netherlands;All;Friesland (Fryslân);Harlingen
Netherlands;All;Friesland (Fryslân);Heerenveen
Netherlands;All;Friesland (Fryslân);het Bildt
Netherlands;All;Friesland (Fryslân);Kollumerland en Nieuwkruisland
Netherlands;All;Friesland (Fryslân);Leeuwarden
Netherlands;All;Friesland (Fryslân);Leeuwarderadeel
Netherlands;All;Friesland (Fryslân);Littenseradiel (Littenseradeel)
Netherlands;All;Friesland (Fryslân);Menameradiel (Menaldumadeel)
Netherlands;All;Friesland (Fryslân);Ooststellingwerf
Netherlands;All;Friesland (Fryslân);Opsterland
Netherlands;All;Friesland (Fryslân);Schiermonnikoog
Netherlands;All;Friesland (Fryslân);Smallingerland
Netherlands;All;Friesland (Fryslân);Súdwest-Fryslân
Netherlands;All;Friesland (Fryslân);Terschelling
Netherlands;All;Friesland (Fryslân);Tytsjerksteradiel (Tietjerksteradeel)
Netherlands;All;Friesland (Fryslân);Vlieland
Netherlands;All;Friesland (Fryslân);Weststellingwerf
Netherlands;All;Gelderland;Aalten
Netherlands;All;Gelderland;Apeldoorn
Netherlands;All;Gelderland;Arnhem
Netherlands;All;Gelderland;Barneveld
Netherlands;All;Gelderland;Berg en Dal (Groesbeek)
Netherlands;All;Gelderland;Berkelland
Netherlands;All;Gelderland;Beuningen
Netherlands;All;Gelderland;Bronckhorst
Netherlands;All;Gelderland;Brummen
Netherlands;All;Gelderland;Buren
Netherlands;All;Gelderland;Culemborg
Netherlands;All;Gelderland;Doesburg
Netherlands;All;Gelderland;Doetinchem
Netherlands;All;Gelderland;Druten
Netherlands;All;Gelderland;Duiven
Netherlands;All;Gelderland;Ede
Netherlands;All;Gelderland;Elburg
Netherlands;All;Gelderland;Epe
Netherlands;All;Gelderland;Ermelo
Netherlands;All;Gelderland;Geldermalsen
Netherlands;All;Gelderland;Harderwijk
Netherlands;All;Gelderland;Hattem
Netherlands;All;Gelderland;Heerde
Netherlands;All;Gelderland;Heumen
Netherlands;All;Gelderland;Lingewaal
Netherlands;All;Gelderland;Lingewaard
Netherlands;All;Gelderland;Lochem
Netherlands;All;Gelderland;Maasdriel
Netherlands;All;Gelderland;Montferland
Netherlands;All;Gelderland;Neder-Betuwe
Netherlands;All;Gelderland;Neerijnen
Netherlands;All;Gelderland;Nijkerk
Netherlands;All;Gelderland;Nijmegen
Netherlands;All;Gelderland;Nunspeet
Netherlands;All;Gelderland;Oldebroek
Netherlands;All;Gelderland;Oost Gelre (Groenlo)
Netherlands;All;Gelderland;Oude IJsselstreek
Netherlands;All;Gelderland;Overbetuwe
Netherlands;All;Gelderland;Putten
Netherlands;All;Gelderland;Renkum
Netherlands;All;Gelderland;Rheden
Netherlands;All;Gelderland;Rijnwaarden
Netherlands;All;Gelderland;Rozendaal
Netherlands;All;Gelderland;Scherpenzeel
Netherlands;All;Gelderland;Tiel
Netherlands;All;Gelderland;Voorst
Netherlands;All;Gelderland;Wageningen
Netherlands;All;Gelderland;Westervoort
Netherlands;All;Gelderland;West Maas en Waal
Netherlands;All;Gelderland;Wijchen
Netherlands;All;Gelderland;Winterswijk
Netherlands;All;Gelderland;Zaltbommel
Netherlands;All;Gelderland;Zevenaar
Netherlands;All;Gelderland;Zutphen
Netherlands;All;Groningen;Appingedam
Netherlands;All;Groningen;Bedum
Netherlands;All;Groningen;Bellingwedde
Netherlands;All;Groningen;Delfzijl
Netherlands;All;Groningen;De Marne
Netherlands;All;Groningen;Eemsmond
Netherlands;All;Groningen;Groningen
Netherlands;All;Groningen;Grootegast
Netherlands;All;Groningen;Haren
Netherlands;All;Groningen;Hoogezand-Sappemeer
Netherlands;All;Groningen;Leek
Netherlands;All;Groningen;Loppersum
Netherlands;All;Groningen;Marum
Netherlands;All;Groningen;Menterwolde
Netherlands;All;Groningen;Oldambt
Netherlands;All;Groningen;Pekela
Netherlands;All;Groningen;Slochteren
Netherlands;All;Groningen;Stadskanaal
Netherlands;All;Groningen;Ten Boer
Netherlands;All;Groningen;Veendam
Netherlands;All;Groningen;Vlagtwedde
Netherlands;All;Groningen;Winsum
Netherlands;All;Groningen;Zuidhorn
Netherlands;All;Limburg;Beek (L.)
Netherlands;All;Limburg;Beesel
Netherlands;All;Limburg;Bergen (L.)
Netherlands;All;Limburg;Brunssum
Netherlands;All;Limburg;Echt-Susteren
Netherlands;All;Limburg;Eijsden-Margraten
Netherlands;All;Limburg;Gennep
Netherlands;All;Limburg;Gulpen-Wittem
Netherlands;All;Limburg;Heerlen
Netherlands;All;Limburg;Horst aan de Maas
Netherlands;All;Limburg;Kerkrade
Netherlands;All;Limburg;Landgraaf
Netherlands;All;Limburg;Leudal
Netherlands;All;Limburg;Maasgouw
Netherlands;All;Limburg;Maastricht
Netherlands;All;Limburg;Meerssen
Netherlands;All;Limburg;Mook en Middelaar
Netherlands;All;Limburg;Nederweert
Netherlands;All;Limburg;Nuth
Netherlands;All;Limburg;Onderbanken
Netherlands;All;Limburg;Peel en Maas
Netherlands;All;Limburg;Roerdalen
Netherlands;All;Limburg;Roermond
Netherlands;All;Limburg;Schinnen
Netherlands;All;Limburg;Simpelveld
Netherlands;All;Limburg;Sittard-Geleen
Netherlands;All;Limburg;Stein (L.)
Netherlands;All;Limburg;Vaals
Netherlands;All;Limburg;Valkenburg aan de Geul
Netherlands;All;Limburg;Venlo
Netherlands;All;Limburg;Venray
Netherlands;All;Limburg;Voerendaal
Netherlands;All;Limburg;Weert
Netherlands;All;Noord-Brabant [North Brabant];Aalburg
Netherlands;All;Noord-Brabant [North Brabant];Alphen-Chaam
Netherlands;All;Noord-Brabant [North Brabant];Asten
Netherlands;All;Noord-Brabant [North Brabant];Baarle-Nassau
Netherlands;All;Noord-Brabant [North Brabant];Bergeijk
Netherlands;All;Noord-Brabant [North Brabant];Bergen op Zoom
Netherlands;All;Noord-Brabant [North Brabant];Bernheze
Netherlands;All;Noord-Brabant [North Brabant];Best
Netherlands;All;Noord-Brabant [North Brabant];Bladel
Netherlands;All;Noord-Brabant [North Brabant];Boekel
Netherlands;All;Noord-Brabant [North Brabant];Boxmeer
Netherlands;All;Noord-Brabant [North Brabant];Boxtel
Netherlands;All;Noord-Brabant [North Brabant];Breda
Netherlands;All;Noord-Brabant [North Brabant];Cranendonck
Netherlands;All;Noord-Brabant [North Brabant];Cuijk
Netherlands;All;Noord-Brabant [North Brabant];Deurne
Netherlands;All;Noord-Brabant [North Brabant];Dongen
Netherlands;All;Noord-Brabant [North Brabant];Drimmelen
Netherlands;All;Noord-Brabant [North Brabant];Eersel
Netherlands;All;Noord-Brabant [North Brabant];Eindhoven
Netherlands;All;Noord-Brabant [North Brabant];Etten-Leur
Netherlands;All;Noord-Brabant [North Brabant];Geertruidenberg
Netherlands;All;Noord-Brabant [North Brabant];Geldrop-Mierlo
Netherlands;All;Noord-Brabant [North Brabant];Gemert-Bakel
Netherlands;All;Noord-Brabant [North Brabant];Gilze en Rijen
Netherlands;All;Noord-Brabant [North Brabant];Goirle
Netherlands;All;Noord-Brabant [North Brabant];Grave
Netherlands;All;Noord-Brabant [North Brabant];Haaren
Netherlands;All;Noord-Brabant [North Brabant];Halderberge
Netherlands;All;Noord-Brabant [North Brabant];Heeze-Leende
Netherlands;All;Noord-Brabant [North Brabant];Helmond
Netherlands;All;Noord-Brabant [North Brabant];Heusden
Netherlands;All;Noord-Brabant [North Brabant];Hilvarenbeek
Netherlands;All;Noord-Brabant [North Brabant];Laarbeek
Netherlands;All;Noord-Brabant [North Brabant];Landerd
Netherlands;All;Noord-Brabant [North Brabant];Loon op Zand
Netherlands;All;Noord-Brabant [North Brabant];Meierijstad (Veghel - Schijndel - Sint-Oedenrode)
Netherlands;All;Noord-Brabant [North Brabant];Mill en Sint Hubert
Netherlands;All;Noord-Brabant [North Brabant];Moerdijk
Netherlands;All;Noord-Brabant [North Brabant];Nuenen, Gerwen en Nederwetten
Netherlands;All;Noord-Brabant [North Brabant];Oirschot
Netherlands;All;Noord-Brabant [North Brabant];Oisterwijk
Netherlands;All;Noord-Brabant [North Brabant];Oosterhout
Netherlands;All;Noord-Brabant [North Brabant];Oss
Netherlands;All;Noord-Brabant [North Brabant];Reusel-De Mierden
Netherlands;All;Noord-Brabant [North Brabant];Roosendaal
Netherlands;All;Noord-Brabant [North Brabant];Rucphen
Netherlands;All;Noord-Brabant [North Brabant]; s-Hertogenbosch
Netherlands;All;Noord-Brabant [North Brabant];Sint Anthonis
Netherlands;All;Noord-Brabant [North Brabant];Sint-Michielsgestel
Netherlands;All;Noord-Brabant [North Brabant];Someren
Netherlands;All;Noord-Brabant [North Brabant];Son en Breugel
Netherlands;All;Noord-Brabant [North Brabant];Steenbergen
Netherlands;All;Noord-Brabant [North Brabant];Tilburg
Netherlands;All;Noord-Brabant [North Brabant];Uden
Netherlands;All;Noord-Brabant [North Brabant];Valkenswaard
Netherlands;All;Noord-Brabant [North Brabant];Veldhoven
Netherlands;All;Noord-Brabant [North Brabant];Vught
Netherlands;All;Noord-Brabant [North Brabant];Waalre
Netherlands;All;Noord-Brabant [North Brabant];Waalwijk
Netherlands;All;Noord-Brabant [North Brabant];Werkendam
Netherlands;All;Noord-Brabant [North Brabant];Woensdrecht
Netherlands;All;Noord-Brabant [North Brabant];Woudrichem
Netherlands;All;Noord-Brabant [North Brabant];Zundert
Netherlands;All;Noord-Holland [North Holland];Aalsmeer
Netherlands;All;Noord-Holland [North Holland];Alkmaar
Netherlands;All;Noord-Holland [North Holland];Amstelveen
Netherlands;All;Noord-Holland [North Holland];Amsterdam
Netherlands;All;Noord-Holland [North Holland];Beemster
Netherlands;All;Noord-Holland [North Holland];Bergen (NH.)
Netherlands;All;Noord-Holland [North Holland];Beverwijk
Netherlands;All;Noord-Holland [North Holland];Blaricum
Netherlands;All;Noord-Holland [North Holland];Bloemendaal
Netherlands;All;Noord-Holland [North Holland];Castricum
Netherlands;All;Noord-Holland [North Holland];Den Helder
Netherlands;All;Noord-Holland [North Holland];Diemen
Netherlands;All;Noord-Holland [North Holland];Drechterland
Netherlands;All;Noord-Holland [North Holland];Edam-Volendam
Netherlands;All;Noord-Holland [North Holland];Enkhuizen
Netherlands;All;Noord-Holland [North Holland];Gooise Meren (Bussum - Naarden)
Netherlands;All;Noord-Holland [North Holland];Haarlem
Netherlands;All;Noord-Holland [North Holland];Haarlemmerliede en Spaarnwoude
Netherlands;All;Noord-Holland [North Holland];Haarlemmermeer
Netherlands;All;Noord-Holland [North Holland];Heemskerk
Netherlands;All;Noord-Holland [North Holland];Heemstede
Netherlands;All;Noord-Holland [North Holland];Heerhugowaard
Netherlands;All;Noord-Holland [North Holland];Heiloo
Netherlands;All;Noord-Holland [North Holland];Hilversum
Netherlands;All;Noord-Holland [North Holland];Hollands Kroon
Netherlands;All;Noord-Holland [North Holland];Hoorn
Netherlands;All;Noord-Holland [North Holland];Huizen
Netherlands;All;Noord-Holland [North Holland];Koggenland
Netherlands;All;Noord-Holland [North Holland];Landsmeer
Netherlands;All;Noord-Holland [North Holland];Langedijk
Netherlands;All;Noord-Holland [North Holland];Laren (NH.)
Netherlands;All;Noord-Holland [North Holland];Medemblik
Netherlands;All;Noord-Holland [North Holland];Oostzaan
Netherlands;All;Noord-Holland [North Holland];Opmeer
Netherlands;All;Noord-Holland [North Holland];Ouder-Amstel
Netherlands;All;Noord-Holland [North Holland];Purmerend
Netherlands;All;Noord-Holland [North Holland];Schagen
Netherlands;All;Noord-Holland [North Holland];Stede Broec
Netherlands;All;Noord-Holland [North Holland];Texel
Netherlands;All;Noord-Holland [North Holland];Uitgeest
Netherlands;All;Noord-Holland [North Holland];Uithoorn
Netherlands;All;Noord-Holland [North Holland];Velsen
Netherlands;All;Noord-Holland [North Holland];Waterland
Netherlands;All;Noord-Holland [North Holland];Weesp
Netherlands;All;Noord-Holland [North Holland];Wijdemeren
Netherlands;All;Noord-Holland [North Holland];Wormerland
Netherlands;All;Noord-Holland [North Holland];Zaanstad
Netherlands;All;Noord-Holland [North Holland];Zandvoort
Netherlands;All;Overijssel;Almelo
Netherlands;All;Overijssel;Borne
Netherlands;All;Overijssel;Dalfsen
Netherlands;All;Overijssel;Deventer
Netherlands;All;Overijssel;Dinkelland
Netherlands;All;Overijssel;Enschede
Netherlands;All;Overijssel;Haaksbergen
Netherlands;All;Overijssel;Hardenberg
Netherlands;All;Overijssel;Hellendoorn
Netherlands;All;Overijssel;Hengelo (O.)
Netherlands;All;Overijssel;Hof van Twente
Netherlands;All;Overijssel;Kampen
Netherlands;All;Overijssel;Losser
Netherlands;All;Overijssel;Oldenzaal
Netherlands;All;Overijssel;Olst-Wijhe
Netherlands;All;Overijssel;Ommen
Netherlands;All;Overijssel;Raalte
Netherlands;All;Overijssel;Rijssen-Holten
Netherlands;All;Overijssel;Staphorst
Netherlands;All;Overijssel;Steenwijkerland
Netherlands;All;Overijssel;Tubbergen
Netherlands;All;Overijssel;Twenterand
Netherlands;All;Overijssel;Wierden
Netherlands;All;Overijssel;Zwartewaterland
Netherlands;All;Overijssel;Zwolle
Netherlands;All;Utrecht;Amersfoort
Netherlands;All;Utrecht;Baarn
Netherlands;All;Utrecht;Bunnik
Netherlands;All;Utrecht;Bunschoten
Netherlands;All;Utrecht;De Bilt
Netherlands;All;Utrecht;De Ronde Venen
Netherlands;All;Utrecht;Eemnes
Netherlands;All;Utrecht;Houten
Netherlands;All;Utrecht;IJsselstein
Netherlands;All;Utrecht;Leusden
Netherlands;All;Utrecht;Lopik
Netherlands;All;Utrecht;Montfoort
Netherlands;All;Utrecht;Nieuwegein
Netherlands;All;Utrecht;Oudewater
Netherlands;All;Utrecht;Renswoude
Netherlands;All;Utrecht;Rhenen
Netherlands;All;Utrecht;Soest
Netherlands;All;Utrecht;Stichtse Vecht
Netherlands;All;Utrecht;Utrecht
Netherlands;All;Utrecht;Utrechtse Heuvelrug
Netherlands;All;Utrecht;Veenendaal
Netherlands;All;Utrecht;Vianen
Netherlands;All;Utrecht;Wijk bij Duurstede
Netherlands;All;Utrecht;Woerden
Netherlands;All;Utrecht;Woudenberg
Netherlands;All;Utrecht;Zeist
Netherlands;All;Zeeland [Zealand];Borsele
Netherlands;All;Zeeland [Zealand];Goes
Netherlands;All;Zeeland [Zealand];Hulst
Netherlands;All;Zeeland [Zealand];Kapelle
Netherlands;All;Zeeland [Zealand];Middelburg (Z.)
Netherlands;All;Zeeland [Zealand];Noord-Beveland
Netherlands;All;Zeeland [Zealand];Reimerswaal
Netherlands;All;Zeeland [Zealand];Schouwen-Duiveland
Netherlands;All;Zeeland [Zealand];Sluis
Netherlands;All;Zeeland [Zealand];Terneuzen
Netherlands;All;Zeeland [Zealand];Tholen
Netherlands;All;Zeeland [Zealand];Veere
Netherlands;All;Zeeland [Zealand];Vlissingen
Netherlands;All;Zuid-Holland [South Holland];Alblasserdam
Netherlands;All;Zuid-Holland [South Holland];Albrandswaard
Netherlands;All;Zuid-Holland [South Holland];Alphen aan den Rijn
Netherlands;All;Zuid-Holland [South Holland];Barendrecht
Netherlands;All;Zuid-Holland [South Holland];Binnenmaas
Netherlands;All;Zuid-Holland [South Holland];Bodegraven-Reeuwijk
Netherlands;All;Zuid-Holland [South Holland];Brielle
Netherlands;All;Zuid-Holland [South Holland];Capelle aan den IJssel
Netherlands;All;Zuid-Holland [South Holland];Cromstrijen
Netherlands;All;Zuid-Holland [South Holland];Delft
Netherlands;All;Zuid-Holland [South Holland];Dordrecht
Netherlands;All;Zuid-Holland [South Holland];Giessenlanden
Netherlands;All;Zuid-Holland [South Holland];Goeree-Overflakkee
Netherlands;All;Zuid-Holland [South Holland];Gorinchem
Netherlands;All;Zuid-Holland [South Holland];Gouda
Netherlands;All;Zuid-Holland [South Holland];Hardinxveld-Giessendam
Netherlands;All;Zuid-Holland [South Holland];Hellevoetsluis
Netherlands;All;Zuid-Holland [South Holland];Hendrik-Ido-Ambacht
Netherlands;All;Zuid-Holland [South Holland];Hillegom
Netherlands;All;Zuid-Holland [South Holland];Kaag en Braassem (Alkemade-Jacobswoude)
Netherlands;All;Zuid-Holland [South Holland];Katwijk
Netherlands;All;Zuid-Holland [South Holland];Korendijk
Netherlands;All;Zuid-Holland [South Holland];Krimpen aan den IJssel
Netherlands;All;Zuid-Holland [South Holland];Krimpenerwaard
Netherlands;All;Zuid-Holland [South Holland];Lansingerland
Netherlands;All;Zuid-Holland [South Holland];Leerdam
Netherlands;All;Zuid-Holland [South Holland];Leiden
Netherlands;All;Zuid-Holland [South Holland];Leiderdorp
Netherlands;All;Zuid-Holland [South Holland];Leidschendam-Voorburg
Netherlands;All;Zuid-Holland [South Holland];Lisse
Netherlands;All;Zuid-Holland [South Holland];Maassluis
Netherlands;All;Zuid-Holland [South Holland];Midden-Delfland
Netherlands;All;Zuid-Holland [South Holland];Molenwaard
Netherlands;All;Zuid-Holland [South Holland];Nieuwkoop
Netherlands;All;Zuid-Holland [South Holland];Nissewaard (Spijkenisse-Bernisse)
Netherlands;All;Zuid-Holland [South Holland];Noordwijk
Netherlands;All;Zuid-Holland [South Holland];Noordwijkerhout
Netherlands;All;Zuid-Holland [South Holland];Oegstgeest
Netherlands;All;Zuid-Holland [South Holland];Oud-Beijerland
Netherlands;All;Zuid-Holland [South Holland];Papendrecht
Netherlands;All;Zuid-Holland [South Holland];Pijnacker-Nootdorp
Netherlands;All;Zuid-Holland [South Holland];Ridderkerk
Netherlands;All;Zuid-Holland [South Holland];Rijswijk (ZH.)
Netherlands;All;Zuid-Holland [South Holland];Rotterdam
Netherlands;All;Zuid-Holland [South Holland];Schiedam
Netherlands;All;Zuid-Holland [South Holland]; s-Gravenhage (Den Haag) [The Hague]
Netherlands;All;Zuid-Holland [South Holland];Sliedrecht
Netherlands;All;Zuid-Holland [South Holland];Strijen
Netherlands;All;Zuid-Holland [South Holland];Teylingen
Netherlands;All;Zuid-Holland [South Holland];Vlaardingen
Netherlands;All;Zuid-Holland [South Holland];Voorschoten
Netherlands;All;Zuid-Holland [South Holland];Waddinxveen
Netherlands;All;Zuid-Holland [South Holland];Wassenaar
Netherlands;All;Zuid-Holland [South Holland];Westland
Netherlands;All;Zuid-Holland [South Holland];Westvoorne
Netherlands;All;Zuid-Holland [South Holland];Zederik
Netherlands;All;Zuid-Holland [South Holland];Zoetermeer
Netherlands;All;Zuid-Holland [South Holland];Zoeterwoude
Netherlands;All;Zuid-Holland [South Holland];Zuidplas
Netherlands;All;Zuid-Holland [South Holland];Zwijndrecht
